"prob_id","raw_deepseek_ocr","raw_deepseek_ocr2"
"2022_odd_calculus_23","<|ref|>text<|/ref|><|det|>[[14, 45, 585, 560]]<|/det|>
23. \(\lim_{n \to \infty} \frac{\frac{5}{n} + \frac{3}{n^2}}{\frac{1}{n} - \frac{2}{n^3}}\) 의 값은? [2점] 

<|ref|>text<|/ref|><|det|>[[52, 720, 135, 824]]<|/det|>
① 1 

<|ref|>text<|/ref|><|det|>[[258, 720, 340, 824]]<|/det|>
② 2 

<|ref|>text<|/ref|><|det|>[[463, 720, 545, 824]]<|/det|>
③ 3 

<|ref|>text<|/ref|><|det|>[[667, 720, 750, 824]]<|/det|>
④ 4 

<|ref|>text<|/ref|><|det|>[[869, 720, 951, 824]]<|/det|>
⑤ 5","<|ref|>text<|/ref|><|det|>[[6, 45, 583, 570]]<|/det|>
23.  \( \lim_{n\to\infty}\frac{\frac{5}{n}+\frac{3}{n^{2}}}{\frac{1}{n}-\frac{2}{n^{3}}} \)  의 값은? [2점]

<|ref|>text<|/ref|><|det|>[[45, 720, 960, 864]]<|/det|>
① 1 ② 2 ③ 3 ④ 4 ⑤ 5"
"2022_odd_calculus_24","<|ref|>text<|/ref|><|det|>[[20, 20, 965, 250]]<|/det|>
24. 실수 전체의 집합에서 미분가능한 함수 \(f(x)\)가 모든 실수 \(x\)에 대하여 

<|ref|>equation<|/ref|><|det|>[[140, 365, 360, 470]]<|/det|>
\[f(x^3 + x) = e^x\]

<|ref|>text<|/ref|><|det|>[[58, 567, 607, 666]]<|/det|>
을 만족시킬 때, \(f'(2)\)의 값은? [3점] 

<|ref|>text<|/ref|><|det|>[[52, 780, 889, 951]]<|/det|>
① \(e\) ② \(\frac{e}{2}\) ③ \(\frac{e}{3}\) ④ \(\frac{e}{4}\) ⑤ \(\frac{e}{5}\)","<|ref|>text<|/ref|><|det|>[[15, 11, 963, 999]]<|/det|>
24. 실수 전체의 집합에서 미분가능한 함수  \( f(x) \) 가 모든 실수  \( x \) 에 대하여

 \( f(x^{3} + x) = e^{x} \) 

을 만족시킬 때,  \( f'(2) \) 의 값은? [3점]

① e

②  \( \frac{e}{2} \) 

③  \( \frac{e}{3} \) 

④  \( \frac{e}{4} \) 

⑤  \( \frac{e}{5} \)"
"2022_odd_calculus_25","<|ref|>sub_title<|/ref|><|det|>[[25, 34, 526, 130]]<|/det|>
25. 등비수열 {aₙ}에 대하여 

<|ref|>equation<|/ref|><|det|>[[161, 255, 729, 444]]<|/det|>
\[
\sum_{n=1}^{\infty} (a_{2n-1} - a_{2n}) = 3, \quad \sum_{n=1}^{\infty} a_n^2 = 6
\]

<|ref|>text<|/ref|><|det|>[[68, 580, 537, 752]]<|/det|>
일 때, \(\sum_{n=1}^{\infty} a_n\)의 값은? [3점] 

<|ref|>text<|/ref|><|det|>[[61, 864, 149, 940]]<|/det|>
① 1 

<|ref|>text<|/ref|><|det|>[[272, 864, 357, 940]]<|/det|>
② 2 

<|ref|>text<|/ref|><|det|>[[480, 864, 565, 940]]<|/det|>
③ 3 

<|ref|>text<|/ref|><|det|>[[688, 864, 774, 940]]<|/det|>
④ 4 

<|ref|>text<|/ref|><|det|>[[893, 864, 979, 940]]<|/det|>
⑤ 5","<|ref|>text<|/ref|><|det|>[[19, 30, 523, 145]]<|/det|>
25. 등비수열  \( \{a_{n}\} \)  에 대하여 

<|ref|>equation<|/ref|><|det|>[[159, 256, 732, 451]]<|/det|>
\[ \sum_{n=1}^{\infty} (a_{2n-1} - a_{2n}) = 3, \quad \sum_{n=1}^{\infty} a_n^2 = 6 \]

<|ref|>text<|/ref|><|det|>[[66, 580, 543, 767]]<|/det|>
일 때, \(\sum_{n=1}^{\infty} a_n\) 의 값은? [3점] 

<|ref|>text<|/ref|><|det|>[[63, 875, 145, 960]]<|/det|>
① 1 

<|ref|>text<|/ref|><|det|>[[270, 875, 359, 960]]<|/det|>
② 2 

<|ref|>text<|/ref|><|det|>[[480, 875, 568, 960]]<|/det|>
③ 3 

<|ref|>text<|/ref|><|det|>[[689, 875, 778, 960]]<|/det|>
④ 4 

<|ref|>text<|/ref|><|det|>[[899, 875, 981, 960]]<|/det|>
⑤ 5"
"2022_odd_calculus_26","<|ref|>text<|/ref|><|det|>[[24, 50, 700, 375]]<|/det|>
26. lim \( \sum_{n \to \infty} \frac{k^2 + 2kn}{k^3 + 3k^2n + n^3} \) 의 값은? [3점] 

<|ref|>text<|/ref|><|det|>[[60, 571, 174, 720]]<|/det|>
① ln5
② \(\frac{\ln 5}{2}\)
③ \(\frac{\ln 5}{3}\)
④ \(\frac{\ln 5}{4}\)
⑤ \(\frac{\ln 5}{5}\)","<|ref|>text<|/ref|><|det|>[[18, 50, 696, 365]]<|/det|>
26.  \( \lim_{n\to\infty}\sum_{k=1}^{n}\frac{k^{2}+2kn}{k^{3}+3k^{2}n+n^{3}} \)  의 값은? [3점]

<|ref|>text<|/ref|><|det|>[[54, 600, 170, 740]]<|/det|>
①  \( \ln5 \) 

<|ref|>text<|/ref|><|det|>[[250, 560, 370, 830]]<|/det|>
②  \( \frac{\ln5}{2} \) 

<|ref|>text<|/ref|><|det|>[[448, 560, 566, 830]]<|/det|>
③  \( \frac{\ln5}{3} \) 

<|ref|>text<|/ref|><|det|>[[644, 560, 763, 830]]<|/det|>
④  \( \frac{\ln5}{4} \) 

<|ref|>text<|/ref|><|det|>[[841, 560, 960, 830]]<|/det|>
⑤  \( \frac{\ln5}{5} \)"
"2022_odd_calculus_27","<|ref|>text<|/ref|><|det|>[[17, 20, 988, 99]]<|/det|>
27. 좌표평면 위를 움직이는 점 P의 지각 \(t(t>0)\)에서의 위치가 

<|ref|>text<|/ref|><|det|>[[52, 135, 984, 305]]<|/det|>
곡선 \(y=x^2\)과 직선 \(y=t^2x-\frac{\ln t}{8}\)가 만나는 서로 다른 두 점의
중점일 때, 지각 \(t=1\)에서 \(t=e\)까지 점 P가 움직인 거리는? 

<|ref|>text<|/ref|><|det|>[[901, 420, 984, 490]]<|/det|>
[3점] 

<|ref|>text<|/ref|><|det|>[[52, 592, 225, 740]]<|/det|>
① \(\frac{e^4}{2} - \frac{3}{8}\) 

<|ref|>text<|/ref|><|det|>[[52, 792, 234, 937]]<|/det|>
④ \(\frac{e^4}{2} - \frac{3}{16}\) 

<|ref|>text<|/ref|><|det|>[[362, 592, 540, 740]]<|/det|>
② \(\frac{e^4}{2} - \frac{5}{16}\) 

<|ref|>text<|/ref|><|det|>[[362, 792, 530, 937]]<|/det|>
⑤ \(\frac{e^4}{2} - \frac{1}{8}\)","<|ref|>text<|/ref|><|det|>[[11, 20, 988, 500]]<|/det|>
27. 좌표평면 위를 움직이는 점 P 의 시각  \( t(t>0) \) 에서의 위치가
곡선  \( y=x^{2} \) 과 직선  \( y=t^{2}x-\frac{\ln t}{8} \) 가 만나는 서로 다른 두 점의
중점일 때, 시각 t=1에서 t=e까지 점 P가 움직인 거리는?

<|ref|>text<|/ref|><|det|>[[45, 592, 100, 710]]<|/det|>
①  \( \frac{e^{4}}{2}-\frac{3}{8} \) 

<|ref|>text<|/ref|><|det|>[[45, 789, 99, 907]]<|/det|>
④  \( \frac{e^{4}}{2}-\frac{3}{16} \) 

<|ref|>text<|/ref|><|det|>[[352, 592, 405, 710]]<|/det|>
②  \( \frac{e^{4}}{2}-\frac{5}{16} \) 

<|ref|>text<|/ref|><|det|>[[352, 789, 405, 907]]<|/det|>
⑤  \( \frac{e^{4}}{2}-\frac{1}{8} \) 

<|ref|>text<|/ref|><|det|>[[660, 592, 833, 750]]<|/det|>
③  \( \frac{e^{4}}{2}-\frac{1}{4} \)"
"2022_odd_calculus_28","<|ref|>text<|/ref|><|det|>[[5, 40, 770, 150]]<|/det|>
28. 함수 \(f(x) = 6\pi(x-1)^2\)에 대하여 함수 \(g(x)\)를 

<|ref|>equation<|/ref|><|det|>[[128, 260, 495, 360]]<|/det|>
\[g(x) = 3f(x) + 4\cos f(x)\]

<|ref|>text<|/ref|><|det|>[[42, 460, 978, 666]]<|/det|>
라 하자. \(0 < x < 2\)에서 함수 \(g(x)\)가 극소가 되는 \(x\)의 개수는?

[4점] 

<|ref|>text<|/ref|><|det|>[[40, 780, 880, 880]]<|/det|>
① 6 ② 7 ③ 8 ④ 9 ⑤ 10","<|ref|>text<|/ref|><|det|>[[0, 35, 767, 152]]<|/det|>
28. 합수  \( f(x)=6\pi(x-1)^{2} \)  에 대하여 합수  \( g(x) \)  를 

<|ref|>equation<|/ref|><|det|>[[124, 260, 490, 371]]<|/det|>
\[g(x) = 3f(x) + 4\cos f(x)\]

<|ref|>text<|/ref|><|det|>[[39, 464, 978, 670]]<|/det|>
라 하자. \(0 < x < 2\) 에서 합수 \(g(x)\)가 극소가 되는 \(x\)의 개수는?
[4점] 

<|ref|>text<|/ref|><|det|>[[37, 800, 881, 904]]<|/det|>
① 6 ② 7 ③ 8 ④ 9 ⑤ 10"
"2022_odd_calculus_29","<|ref|>text<|/ref|><|det|>[[33, 5, 999, 175]]<|/det|>
29. 그림과 같이 길이가 2인 선분 AB를 지름으로 하는 반원이 있다. 호 AB 위에 두 점 P, Q를 ∠PAB = θ, ∠QBA = 2θ가 되도록 잡고, 두 선분 AP, BQ의 교점을 R라 하자. 

<|ref|>text<|/ref|><|det|>[[66, 160, 999, 345]]<|/det|>
선분 AB 위의 점 S, 선분 BR 위의 점 T, 선분 AR 위의 점 U를 선분 UT가 선분 AB에 평행하고 삼각형 STU가 정삼각형이 되도록 잡는다. 두 선분 AR, QR와 호 AQ로 둘러싸인 부분의 넓이를 \(f(\theta)\), 삼각형 STU의 넓이를 \(g(\theta)\)라 할 때, 

<|ref|>equation<|/ref|><|det|>[[70, 355, 840, 430]]<|/det|>
\[ \lim_{\theta \to 0+} \frac{g(\theta)}{\theta \times f(\theta)} = \frac{q}{p} \sqrt{3} \text{ 이다. } p+q \text{의 값을 구하시오.} \]

<|ref|>text<|/ref|><|det|>[[66, 450, 940, 513]]<|/det|>
(단, \(0 < \theta < \frac{\pi}{6}\)이고, \(p\)와 \(q\)는 서로소인 자연수이다.) [4점]","<|ref|>text<|/ref|><|det|>[[28, 12, 992, 345]]<|/det|>
29. 그림과 같이 길이가 2인 선분 AB를 지름으로 하는 반원이 있다. 호 AB 위에 두 점 P, Q를 ∠PAB = θ, ∠QBA = 2θ가 되도록 잡고, 두 선분 AP, BQ의 교점을 R라 하자.
선분 AB 위의 점 S, 선분 BR 위의 점 T, 선분 AR 위의 점 U를 선분 UT가 선분 AB에 평행하고 삼각형 STU가 정삼각형이 되도록 잡는다. 두 선분 AR, QR와 호 AQ로 둘러싸인 부분의 넓이를  \( f(\theta) \) , 삼각형 STU의 넓이를  \( g(\theta) \) 라 할 때,

<|ref|>text<|/ref|><|det|>[[65, 357, 830, 430]]<|/det|>
 \[ \lim_{\theta\to0^{+}}\frac{g(\theta)}{\theta\times f(\theta)}=\frac{q}{p}\sqrt{3} \] 

<|ref|>text<|/ref|><|det|>[[65, 450, 930, 510]]<|/det|>
(단,  \( 0 < \theta < \frac{\pi}{6} \) 이고,  \( p \) 와  \( q \) 는 서로소인 자연수이다.) [4점]

<|ref|>image<|/ref|><|det|>[[91, 580, 940, 974]]<|/det|>"
"2022_odd_calculus_30","<|ref|>text<|/ref|><|det|>[[15, 0, 940, 163]]<|/det|>
30. 실수 전체의 집합에서 증가하고 미분가능한 함수 \(f(x)\) 가
다음 조건을 만족시킨다. 

<|ref|>equation<|/ref|><|det|>[[80, 280, 540, 415]]<|/det|>
\[(가) f(1) = 1, \int_{1}^{2} f(x) dx = \frac{5}{4}\]

<|ref|>text<|/ref|><|det|>[[80, 460, 912, 620]]<|/det|>
(나) 함수 \(f(x)\)의 역함수를 \(g(x)\)라 할 때,
\(x \ge 1\)인 모든 실수 \(x\)에 대하여 \(g(2x) = 2f(x)\)이다. 

<|ref|>equation<|/ref|><|det|>[[50, 740, 760, 866]]<|/det|>
\[\int_{1}^{8} x f'(x) dx = \frac{q}{p} \text{일 때, } p+q \text{의 값을 구하시오.}\]

<|ref|>text<|/ref|><|det|>[[46, 895, 675, 961]]<|/det|>
(단, \(p\)와 \(q\)는 서로소인 자연수이다.) [4점]","<|ref|>text<|/ref|><|det|>[[9, 0, 940, 163]]<|/det|>
30. 실수 전체의 집합에서 증가하고 미분가능한 함수  \( f(x) \) 가 다음 조건을 만족시킨다. 

<|ref|>equation<|/ref|><|det|>[[78, 283, 543, 415]]<|/det|>
\[ (가) f(1) = 1, \int_{1}^{2} f(x) dx = \frac{5}{4} \]

<|ref|>equation<|/ref|><|det|>[[78, 462, 920, 624]]<|/det|>
\[ (나) 함수 f(x)의 역함수를 g(x)라 할 때, \\ x \ge 1인 모든 실수 x에 대하여 g(2x) = 2f(x)이다. \]

<|ref|>equation<|/ref|><|det|>[[55, 740, 764, 873]]<|/det|>
\[ \int_{1}^{8} x f'(x) dx = \frac{q}{p} \text{ 일 때, } p+q \text{의 값을 구하시오.} \]

<|ref|>text<|/ref|><|det|>[[46, 896, 679, 963]]<|/det|>
(단, p와 q는 서로소인 자연수이다.) [4점]"
"2022_odd_common_1","<|ref|>text<|/ref|><|det|>[[16, 30, 570, 250]]<|/det|>
1. \((2^{\sqrt{3}} \times 4)^{\sqrt{3} - 2}\)의 값은? [2점] 

<|ref|>text<|/ref|><|det|>[[53, 570, 150, 790]]<|/det|>
① \(\frac{1}{4}\) ② \(\frac{1}{2}\) ③ 1 ④ 2 ⑤ 4","<|ref|>text<|/ref|><|det|>[[0, 0, 570, 360]]<|/det|>
1.  \( (2^{\sqrt{3}} \times 4)^{\sqrt{3} - 2} \)  의 값은? [2점]

<|ref|>text<|/ref|><|det|>[[0, 550, 985, 999]]<|/det|>
①  \( \frac{1}{4} \)  ②  \( \frac{1}{2} \)  ③ 1 ④ 2 ⑤ 4"
"2022_odd_common_10","<|ref|>text<|/ref|><|det|>[[18, 20, 990, 588]]<|/det|>
10. 삼차함수 \(f(x)\)에 대하여 곡선 \(y=f(x)\) 위의 점 \((0, 0)\) 에서의
점선과 곡선 \(y=xf(x)\) 위의 점 \((1, 2)\) 에서의 점선이 일치할 때,
\(f'(2)\)의 값은? [4점] 

<|ref|>text<|/ref|><|det|>[[45, 707, 175, 820]]<|/det|>
① -18 ② -17 ③ -16 ④ -15 ⑤ -14","<|ref|>text<|/ref|><|det|>[[9, 0, 992, 999]]<|/det|>
10. 삼차함수  \( f(x) \)  에 대하여 곡선  \( y = f(x) \)  위의 점  \( (0, 0) \) 에서의 접선과 곡선  \( y = xf(x) \)  위의 점  \( (1, 2) \) 에서의 접선이 일치할 때,  \( f'(2) \) 의 값은? [4점]

① -18 ② -17 ③ -16 ④ -15 ⑤ -14"
"2022_odd_common_11","<|ref|>text<|/ref|><|det|>[[18, 3, 875, 99]]<|/det|>
11. 양수 a에 대하여 집합 {x | -\(\frac{a}{2}\) < x ≤ a, x ≠ \(\frac{a}{2}\)}에서
정의된 함수 

<|ref|>equation<|/ref|><|det|>[[137, 135, 350, 186]]<|/det|>
\[f(x) = \tan \frac{\pi x}{a}\]

<|ref|>text<|/ref|><|det|>[[50, 219, 976, 405]]<|/det|>
가 있다. 그림과 같이 함수 \(y=f(x)\)의 그래프 위의
세 점 O, A, B를 지나는 직선이 있다. 점 A를 지나고 x축에
평행한 직선이 함수 \(y=f(x)\)의 그래프와 만나는 점 중 A가
아닌 점을 C라 하자. 삼각형 ABC가 정삼각형일 때,
삼각형 ABC의 넓이는? (단, O는 원점이다.) [4점] 

<|ref|>image<|/ref|><|det|>[[200, 442, 805, 824]]<|/det|>
 

<|ref|>text<|/ref|><|det|>[[50, 858, 196, 920]]<|/det|>
① \(\frac{3\sqrt{3}}{2}\) 

<|ref|>text<|/ref|><|det|>[[50, 933, 197, 992]]<|/det|>
④ \(\frac{5\sqrt{3}}{4}\) 

<|ref|>text<|/ref|><|det|>[[375, 858, 525, 920]]<|/det|>
② \(\frac{17\sqrt{3}}{12}\) 

<|ref|>text<|/ref|><|det|>[[375, 933, 520, 992]]<|/det|>
⑤ \(\frac{7\sqrt{3}}{6}\) 

<|ref|>text<|/ref|><|det|>[[666, 858, 808, 920]]<|/det|>
③ \(\frac{4\sqrt{3}}{3}\)","<|ref|>text<|/ref|><|det|>[[15, 0, 875, 99]]<|/det|>
11. 양수 a에 대하여 집합  \( \left\{x \mid -\frac{a}{2} < x \leq a, x \neq \frac{a}{2}\right\} \)  에서
정의된 함수

<|ref|>equation<|/ref|><|det|>[[131, 137, 348, 188]]<|/det|>
 \[ f(x)=\tan\frac{\pi x}{a} \] 

<|ref|>text<|/ref|><|det|>[[45, 220, 970, 405]]<|/det|>
가 있다. 그림과 같이 함수  \( y = f(x) \) 의 그래프 위의
세 점 O, A, B를 지나는 직선이 있다. 점 A를 지나고 x축에
평행한 직선이 함수  \( y = f(x) \) 의 그래프와 만나는 점 중 A가
아닌 점을 C라 하자. 삼각형 ABC가 정삼각형일 때,
삼각형 ABC의 넓이는? (단, O는 원점이다.) [4점]

<|ref|>image<|/ref|><|det|>[[201, 444, 795, 820]]<|/det|>


<|ref|>text<|/ref|><|det|>[[45, 857, 800, 985]]<|/det|>
①  \( \frac{3\sqrt{3}}{2} \)  ②  \( \frac{17\sqrt{3}}{12} \)  ③  \( \frac{4\sqrt{3}}{3} \) 
④  \( \frac{5\sqrt{3}}{4} \)  ⑤  \( \frac{7\sqrt{3}}{6} \)"
"2022_odd_common_12","<|ref|>text<|/ref|><|det|>[[21, 20, 960, 206]]<|/det|>
12. 실수 전체의 집합에서 연속인 함수 \(f(x)\)가 모든 실수 \(x\)에 대하여 

<|ref|>equation<|/ref|><|det|>[[140, 301, 666, 380]]<|/det|>
\[ \{f(x)\}^3 - \{f(x)\}^2 - x^2 f(x) + x^2 = 0 \]

<|ref|>text<|/ref|><|det|>[[55, 460, 978, 710]]<|/det|>
을 만족시킨다. 함수 \(f(x)\)의 최댓값이 1이고 최솟값이 0일 때,
\[ f\left(-\frac{4}{3}\right) + f(0) + f\left(\frac{1}{2}\right) \]의 값은? [4점] 

<|ref|>text<|/ref|><|det|>[[52, 808, 880, 945]]<|/det|>
① \(\frac{1}{2}\) ② 1 ③ \(\frac{3}{2}\) ④ 2 ⑤ \(\frac{5}{2}\)","<|ref|>text<|/ref|><|det|>[[15, 21, 959, 213]]<|/det|>
12. 실수 전체의 집합에서 연속인 함수  \( f(x) \) 가 모든 실수 x에 대하여 

<|ref|>equation<|/ref|><|det|>[[139, 299, 664, 392]]<|/det|>
\[ \{f(x)\}^3 - \{f(x)\}^2 - x^2 f(x) + x^2 = 0 \]

<|ref|>text<|/ref|><|det|>[[52, 460, 981, 707]]<|/det|>
을 만족시킨다. 함수  \( f(x) \) 의 최댓값이 1이고 최솟값이 0일 때,  \( f\left(-\frac{4}{3}\right) + f(0) + f\left(\frac{1}{2}\right) \) 의 값은? [4점] 

<|ref|>text<|/ref|><|det|>[[49, 810, 881, 952]]<|/det|>
① \(\frac{1}{2}\) ② 1 ③ \(\frac{3}{2}\) ④ 2 ⑤ \(\frac{5}{2}\)"
"2022_odd_common_13","<|ref|>text<|/ref|><|det|>[[22, 25, 981, 675]]<|/det|>
13. 두 상수 \(a, b (1 < a < b)\)에 대하여 좌표평면 위의
두 점 \((a, \log_2 a), (b, \log_2 b)\)를 지나는 직선의 \(y\)절편과
두 점 \((a, \log_4 a), (b, \log_4 b)\)를 지나는 직선의 \(y\)절편이 같다.
함수 \(f(x) = a^{bx} + b^{ax}\)에 대하여 \(f(1) = 40\)일 때, \(f(2)\)의 값은?

[4점] 

<|ref|>text<|/ref|><|det|>[[54, 840, 170, 930]]<|/det|>
① 760 ② 800 ③ 840 ④ 880 ⑤ 920","<|ref|>text<|/ref|><|det|>[[15, 20, 988, 999]]<|/det|>
13. 두 상수 a, b (1 < a < b)에 대하여 좌표평면 위의 두 점 (a, log₂a), (b, log₂b)를 지나는 직선의 y절편과 두 점 (a, log₄a), (b, log₄b)를 지나는 직선의 y절편이 같다. 함수 f(x) = aᵇx + bᵃx 에 대하여 f(1) = 40일 때, f(2)의 값은? [4점]
① 760 ② 800 ③ 840 ④ 880 ⑤ 920"
"2022_odd_common_14","<|ref|>text<|/ref|><|det|>[[25, 9, 931, 110]]<|/det|>
14. 수직선 위를 움직이는 점 P의 시각 t에서의 위치 \(x(t)\)가 두 상수 \(a, b\)에 대하여 

<|ref|>equation<|/ref|><|det|>[[141, 156, 562, 199]]<|/det|>
\[x(t) = t(t-1)(at+b) \quad (a \neq 0)\]

<|ref|>text<|/ref|><|det|>[[57, 241, 920, 333]]<|/det|>
이다. 점 P의 시각 t에서의 속도 \(v(t)\)가 \(\int_{0}^{1} |v(t)| dt = 2\)를 만족시킬 때, <보기>에서 옳은 것만을 있는 대로 고른 것은? 

<|ref|>text<|/ref|><|det|>[[884, 393, 965, 430]]<|/det|>
[4점] 

<|ref|>text<|/ref|><|det|>[[448, 487, 580, 523]]<|/det|>
<보 기> 

<|ref|>text<|/ref|><|det|>[[92, 543, 352, 621]]<|/det|>
ㄱ. \(\int_{0}^{1} v(t) dt = 0\) 

<|ref|>text<|/ref|><|det|>[[88, 650, 840, 692]]<|/det|>
ㄴ. \(|x(t_1)| > 1\)인 \(t_1\)이 열린구간 (0, 1)에 존재한다. 

<|ref|>text<|/ref|><|det|>[[88, 721, 803, 821]]<|/det|>
ㄷ. \(0 \le t \le 1\)인 모든 \(t\)에 대하여 \(|x(t)| < 1\)이면
\(x(t_2) = 0\)인 \(t_2\)가 열린구간 (0, 1)에 존재한다. 

<|ref|>text<|/ref|><|det|>[1]ㄱㄴㄷ ①ㄱㄴㄷ ②ㄱㄴㄷ ③ㄱㄷ","<|ref|>text<|/ref|><|det|>[[20, 8, 931, 110]]<|/det|>
14. 수직선 위를 움직이는 점 P 의 시각 t 에서의 위치 x(t)가 두 상수 a, b 에 대하여 

<|ref|>equation<|/ref|><|det|>[[139, 156, 561, 197]]<|/det|>
\[x(t) = t(t-1)(at+b) \quad (a \neq 0)\]

<|ref|>text<|/ref|><|det|>[[56, 241, 931, 394]]<|/det|>
이다. 점 P 의 시각 t 에서의 속도 v(t) 가 \(\int_{0}^{1} |v(t)| dt = 2\)를 만족시킬 때, <보기>에서 옳은 것만을 있는 대로 고른 것은? 

<|ref|>text<|/ref|><|det|>[[888, 394, 967, 433]]<|/det|>
[4점] 

<|ref|>text<|/ref|><|det|>[[440, 487, 579, 522]]<|/det|>
<보 기> 

<|ref|>text<|/ref|><|det|>[[90, 540, 352, 615]]<|/det|>
ㄱ. \(\int_{0}^{1} v(t) dt = 0\) 

<|ref|>text<|/ref|><|det|>[[90, 650, 844, 696]]<|/det|>
ㄴ. \(|x(t_1)| > 1\)인 \(t_1\)이 열린구간 \((0, 1)\)에 존재한다. 

<|ref|>text<|/ref|><|det|>[[90, 725, 799, 770]]<|/det|>
ㄷ. \(0 \le t \le 1\)인 모든 \(t\)에 대하여 \(|x(t)| < 1\)이면 

<|ref|>text<|/ref|><|det|>[[143, 778, 810, 824]]<|/det|>
\(x(t_2) = 0\)인 \(t_2\)가 열린구간 \((0, 1)\)에 존재한다. 

<|ref|>text<|/ref|><|det|>{{0, 0, 999, 0}}"
"2022_odd_common_15","<|ref|>text<|/ref|><|det|>[[45, 3, 950, 108]]<|/det|>
15. 두 점 \(O_1, O_2\)를 각각 중심으로 하고 반지름의 길이가 \(\overline{O_1O_2}\)인 두 원 \(C_1, C_2\)가 있다. 그림과 같이 원 \(C_1\) 위의 서로 다른 세 점 \(A, B, C\)와 원 \(C_2\) 위의 점 \(D\)가 주어져 있고, 세 점 \(A, O_1, O_2\)와 세 점 \(C, O_2, D\)가 각각 한 직선 위에 있다. 

<|ref|>text<|/ref|><|det|>[[70, 111, 940, 133]]<|/det|>
이때 \(\angle BO_1A = \theta_1\), \(\angle O_2O_1C = \theta_2\), \(\angle O_1O_2D = \theta_3\)이라 하자. 

<|ref|>image<|/ref|><|det|>[[188, 156, 821, 360]]<|/det|>
 

<|ref|>text<|/ref|><|det|>[[70, 386, 950, 436]]<|/det|>
다음은 \(\overline{AB} : \overline{O_1D} = 1:2\sqrt{2}\)이고 \(\theta_3 = \theta_1 + \theta_2\)일 때, 선분 \(AB\)와 선분 \(CD\)의 길이의 비를 구하는 과정이다. 

<|ref|>text<|/ref|><|det|>[[90, 469, 900, 584]]<|/det|>
\(\angle CO_2O_1 + \angle O_1O_2D = \pi\)이므로 \(\theta_3 = \frac{\pi}{2} + \frac{\theta_2}{2}\)이고
\(\theta_3 = \theta_1 + \theta_2\)에서 \(2\theta_1 + \theta_2 = \pi\)이므로 \(\angle CO_1B = \theta_1\)이다.
이때 \(\angle O_2O_1B = \theta_1 + \theta_2 = \theta_3\)이므로 삼각형 \(O_1O_2B\)와
삼각형 \(O_2O_1D\)는 합동이다. 

<|ref|>text<|/ref|><|det|>[[90, 590, 340, 610]]<|/det|>
\(\overline{AB} = k\)라 할 때 

<|ref|>text<|/ref|><|det|>[[90, 614, 750, 641]]<|/det|>
\(\overline{BO_2} = \overline{O_1D} = 2\sqrt{2}k\)이므로 \(\overline{AO_2} = \overline{(\text{가})}\)이고, 

<|ref|>text<|/ref|><|det|>[[90, 645, 707, 682]]<|/det|>
\(\angle BO_2A = \frac{\theta_1}{2}\)이므로 \(\cos\frac{\theta_1}{2} = \overline{(\text{나})}\)이다. 

<|ref|>text<|/ref|><|det|>[[90, 688, 364, 709]]<|/det|>
삼각형 \(O_2BC\)에서 

<|ref|>text<|/ref|><|det|>[[90, 715, 720, 752]]<|/det|>
\(\overline{BC} = k\), \(\overline{BO_2} = 2\sqrt{2}k\), \(\angle CO_2B = \frac{\theta_1}{2}\)이므로 

<|ref|>text<|/ref|><|det|>[[90, 758, 675, 785]]<|/det|>
코사인법칙에 의하여 \(\overline{O_2C} = \overline{(\text{다})}\)이다. 

<|ref|>text<|/ref|><|det|>[[90, 790, 655, 817]]<|/det|>
\(\overline{CD} = \overline{O_2D} + \overline{O_2C} = \overline{O_1O_2} + \overline{O_2C}\)이므로 

<|ref|>text<|/ref|><|det|>[[90, 821, 666, 860]]<|/det|>
\(\overline{AB} : \overline{CD} = k : \overline{(\text{가})} + \overline{(\text{다})}\)이다. 

<|ref|>text<|/ref|><|det|>[[70, 895, 880, 939]]<|/det|>
위의 (가), (다)에 알맞은 식을 각각 \(f(k)\), \(g(k)\)라 하고,
(나)에 알맞은 수를 \(p\)라 할 때, \(f(p) \times g(p)\)의 값은? [4점] 

<|ref|>text<|/ref|><|det|>[[70, 961, 888, 998]]<|/det|>
① \(\frac{169}{27}\) ② \(\frac{56}{9}\) ③ \(\frac{167}{27}\) ④ \(\frac{166}{27}\) ⑤ \(\frac{55}{9}\)","<|ref|>text<|/ref|><|det|>[[50, 3, 978, 106]]<|/det|>
15. 두 점  \( O_{1}, O_{2} \)  를 각각 중심으로 하고 반지름의 길이가  \( \overline{O_{1}O_{2}} \)  인 두 원  \( C_{1}, C_{2} \)  가 있다. 그림과 같이 원  \( C_{1} \)  위의 서로 다른 세 점 A, B, C와 원  \( C_{2} \)  위의 점 D가 주어져 있고, 세 점 A, O₁, O₂와 세 점 C, O₂, D가 각각 한 직선 위에 있다. 

<|ref|>text<|/ref|><|det|>[[65, 110, 950, 133]]<|/det|>
이때 \(\angle BO_{1}A = \theta_{1}\), \(\angle O_{2}O_{1}C = \theta_{2}\), \(\angle O_{1}O_{2}D = \theta_{3}\) 이라 하자. 

<|ref|>image<|/ref|><|det|>[[196, 156, 822, 362]]<|/det|>
 

<|ref|>text<|/ref|><|det|>[[65, 384, 978, 435]]<|/det|>
다음은 \(\overline{AB} : \overline{O_{1}D} = 1 : 2\sqrt{2}\) 이고 \(\theta_{3} = \theta_{1} + \theta_{2}\) 일 때, 선분 AB와 선분 CD의 길이의 비를 구하는 과정이다. 

<|ref|>text<|/ref|><|det|>[[65, 465, 978, 860]]<|/det|>
\(\angle CO_{2}O_{1} + \angle O_{1}O_{2}D = \pi\) 이므로 \(\theta_{3} = \frac{\pi}{2} + \frac{\theta_{2}}{2}\) 이고
\(\theta_{3} = \theta_{1} + \theta_{2}\) 에서 \(2\theta_{1} + \theta_{2} = \pi\) 이므로 \(\angle CO_{1}B = \theta_{1}\) 이다.
이때 \(\angle O_{2}O_{1}B = \theta_{1} + \theta_{2} = \theta_{3}\) 이므로 삼각형 \(O_{1}O_{2}B\) 와 삼각형 \(O_{2}O_{1}D\) 는 합동이다.
\(\overline{AB} = k\)라 할 때
\(\overline{BO_{2}} = \overline{O_{1}D} = 2\sqrt{2}k\) 이므로 \(\overline{AO_{2}} = [(\frac{\pi}{2})]\) 이고,
\(\angle BO_{2}A = \frac{\theta_{1}}{2}\) 이므로 \(\cos\frac{\theta_{1}}{2} = [(\frac{\pi}{2})]\) 이다.
삼각형 \(O_{2}BC\) 에서
\(\overline{BC} = k\), \(\overline{BO_{2}} = 2\sqrt{2}k\), \(\angle CO_{2}B = \frac{\theta_{1}}{2}\) 이므로
코사인법칙에 의하여 \(\overline{O_{2}C} = [(\frac{\pi}{2})]\) 이다.
\(\overline{CD} = \overline{O_{2}D} + \overline{O_{2}C} = \overline{O_{1}O_{2}} + \overline{O_{2}C}\) 이므로
\(\overline{AB} : \overline{CD} = k : [(\frac{\pi}{2})] + [(\frac{\pi}{2})]\) 이다. 

<|ref|>text<|/ref|><|det|>[[65, 895, 906, 940]]<|/det|>
위의 (가), (다)에 알맞은 식을 각각 \(f(k)\), \(g(k)\)라 하고,
(나)에 알맞은 수를 \(p\)라 할 때, \(f(p) \times g(p)\)의 값은? [4점] 

<|ref|>text<|/ref|><|det|>[[65, 959, 900, 999]]<|/det|>
① \(\frac{169}{27}\) ② \(\frac{56}{9}\) ③ \(\frac{167}{27}\) ④ \(\frac{166}{27}\) ⑤ \(\frac{55}{9}\)"
"2022_odd_common_16","<|ref|>text<|/ref|><|det|>[[16, 0, 960, 653]]<|/det|>
16. \(\log_2 120 - \frac{1}{\log_{15} 2}\) 의 값을 구하시오. [3점]","<|ref|>text<|/ref|><|det|>[[0, 0, 955, 997]]<|/det|>
16.  \( \log_{2}120 - \frac{1}{\log_{15}2} \)  의 값을 구하시오. [3점]"
"2022_odd_common_17","<|ref|>text<|/ref|><|det|>[[17, 30, 981, 656]]<|/det|>
17. 함수 \(f(x)\) 에 대하여 \(f'(x) = 3x^2 + 2x\) 이고 \(f(0) = 2\) 일 때, \(f(1)\) 의 값을 구하시오. [3점]","<|ref|>text<|/ref|><|det|>[[14, 0, 984, 360]]<|/det|>
17. 함수  \( f(x) \)  에 대하여  \( f'(x) = 3x^{2} + 2x \)  이고  \( f(0) = 2 \)  일 때,  \( f(1) \)  의 값을 구하시오. [3점] 

<|ref|>text<|/ref|><|det|>[[48, 450, 490, 732]]<|/det|>
f(1)의 값을 구하시오. [3점]"
"2022_odd_common_18","<|ref|>sub_title<|/ref|><|det|>[[29, 45, 490, 180]]<|/det|>
18. 수열 {aₙ}에 대하여 

<|ref|>equation<|/ref|><|det|>[[170, 344, 958, 615]]<|/det|>
\[
\sum_{k=1}^{10} a_k - \sum_{k=1}^{7} \frac{a_k}{2} = 56, \quad \sum_{k=1}^{10} 2a_k - \sum_{k=1}^{8} a_k = 100
\]

<|ref|>text<|/ref|><|det|>[[72, 740, 675, 870]]<|/det|>
일 때, a₈의 값을 구하시오. [3점]","<|ref|>text<|/ref|><|det|>[[25, 40, 481, 184]]<|/det|>
18. 수열  \( \{a_{n}\} \)  에 대하여 

<|ref|>equation<|/ref|><|det|>[[174, 344, 959, 625]]<|/det|>
\[ \sum_{k=1}^{10} a_k - \sum_{k=1}^{7} \frac{a_k}{2} = 56, \quad \sum_{k=1}^{10} 2a_k - \sum_{k=1}^{8} a_k = 100 \]

<|ref|>text<|/ref|><|det|>[[72, 770, 675, 900]]<|/det|>
일 때, \(a_8\)의 값을 구하시오. [3점]"
"2022_odd_common_19","<|ref|>text<|/ref|><|det|>[[22, 20, 978, 650]]<|/det|>
19. 함수 \(f(x) = x^3 + ax^2 - (a^2 - 8a)x + 3\)이 실수 전체의 집합에서 증가하도록 하는 실수 \(a\)의 최댓값을 구하시오. [3점]","<|ref|>text<|/ref|><|det|>[[15, 0, 978, 370]]<|/det|>
19. 함수  \( f(x) = x^{3} + ax^{2} - (a^{2} - 8a)x + 3 \)  이 실수 전체의 집합에서 증가하도록 하는 실수 a의 최댓값을 구하시오. [3점] 

<|ref|>text<|/ref|><|det|>[[50, 450, 833, 750]]<|/det|>
[3점]"
"2022_odd_common_2","<|ref|>text<|/ref|><|det|>[[13, 30, 981, 160]]<|/det|>
2. 함수 \(f(x) = x^3 + 3x^2 + x - 1\)에 대하여 \(f'(1)\)의 값은? [2점] 

<|ref|>text<|/ref|><|det|>[[48, 600, 132, 720]]<|/det|>
① 6 ② 7 ③ 8 ④ 9 ⑤ 10","<|ref|>text<|/ref|><|det|>[[0, 0, 981, 999]]<|/det|>
2. 함수  \( f(x) = x^{3} + 3x^{2} + x - 1 \)  에 대하여  \( f'(1) \)  의 값은? [2점]

① 6
② 7
③ 8
④ 9
⑤ 10"
"2022_odd_common_20","<|ref|>text<|/ref|><|det|>[[22, 15, 990, 203]]<|/det|>
20. 실수 전체의 집합에서 미분가능한 함수 \(f(x)\)가 다음 조건을 만족시킨다. 

<|ref|>text<|/ref|><|det|>[[90, 345, 690, 420]]<|/det|>
(가) 닫힌구간 \([0, 1]\)에서 \(f(x) = x\)이다. 

<|ref|>text<|/ref|><|det|>[[90, 470, 805, 652]]<|/det|>
(나) 어떤 상수 \(a, b\)에 대하여 구간 \([0, \infty)\)에서
\(f(x+1) - xf(x) = ax + b\)이다. 

<|ref|>text<|/ref|><|det|>[[60, 800, 660, 959]]<|/det|>
60 × \(\int_{1}^{2} f(x) dx\)의 값을 구하시오. [4점]","<|ref|>text<|/ref|><|det|>[[17, 12, 988, 206]]<|/det|>
20. 실수 전체의 집합에서 미분가능한 함수  \( f(x) \) 가 다음 조건을 만족시킨다.

<|ref|>text<|/ref|><|det|>[[84, 339, 685, 430]]<|/det|>
(가) 닫힌구간 [0, 1] 에서  \( f(x) = x \)  이다.

<|ref|>text<|/ref|><|det|>[[84, 469, 802, 660]]<|/det|>
(나) 어떤 상수 a, b에 대하여 구간  \( [0, \infty) \) 에서
 \( f(x+1)-xf(x)=ax+b \) 이다.

<|ref|>text<|/ref|><|det|>[[55, 792, 653, 959]]<|/det|>
 \( 60 \times \int_{1}^{2} f(x) dx \)  의 값을 구하시오. [4점]"
"2022_odd_common_21","<|ref|>text<|/ref|><|det|>[[25, 12, 660, 95]]<|/det|>
21. 수열 {a_n}이 다음 조건을 만족시킨다. 

<|ref|>equation<|/ref|><|det|>[[90, 250, 288, 333]]<|/det|>
(가) |a₁| = 2 

<|ref|>equation<|/ref|><|det|>[[90, 392, 833, 485]]<|/det|>
(나) 모든 자연수 n에 대하여 |a_n+1| = 2|a_n| 이다. 

<|ref|>equation<|/ref|><|det|>[[90, 550, 363, 712]]<|/det|>
(다) \(\sum_{n=1}^{10} a_n = -14\)","<|ref|>text<|/ref|><|det|>[[18, 11, 661, 110]]<|/det|>
21. 수열  \( \{a_{n}\} \)  이 다음 조건을 만족시킨다. 

<|ref|>equation<|/ref|><|det|>[[90, 245, 291, 345]]<|/det|>
\[ (가) |a_1| = 2 \]

<|ref|>text<|/ref|><|det|>[[90, 390, 839, 500]]<|/det|>
(나) 모든 자연수 \(n\)에 대하여 \(|a_{n+1}| = 2|a_n|\)이다. 

<|ref|>equation<|/ref|><|det|>[[90, 555, 369, 728]]<|/det|>
\[ (다) \sum_{n=1}^{10} a_n = -14 \]

<|ref|>text<|/ref|><|det|>[[61, 867, 714, 960]]<|/det|>
\(a_1 + a_3 + a_5 + a_7 + a_9\) 의 값을 구하시오. [4점]"
"2022_odd_common_22","<|ref|>text<|/ref|><|det|>[[18, 20, 981, 355]]<|/det|>
22. 최고차항의 계수가 \(\frac{1}{2}\) 인 삼차함수 \(f(x)\)와 실수 \(t\)에 대하여
방정식 \(f'(x) = 0\)이 닫힌구간 \([t, t+2]\) 에서 갖는 실근의 개수를
\(g(t)\)라 할 때, 함수 \(g(t)\)는 다음 조건을 만족시킨다. 

<|ref|>text<|/ref|><|det|>[[85, 481, 930, 600]]<|/det|>
(가) 모든 실수 \(a\)에 대하여 \(\lim_{t \to a+} g(t) + \lim_{t \to a-} g(t) \le 2\)이다. 

<|ref|>text<|/ref|><|det|>[[85, 650, 660, 728]]<|/det|>
(나) \(g(f(1)) = g(f(4)) = 2\), \(g(f(0)) = 1\) 

<|ref|>text<|/ref|><|det|>[[53, 852, 477, 927]]<|/det|>
\(f(5)\)의 값을 구하시오. [4점]","<|ref|>text<|/ref|><|det|>[[14, 20, 977, 352]]<|/det|>
22. 최고차항의 계수가  \( \frac{1}{2} \)  인 삼차함수  \( f(x) \)  와 실수 t에 대하여
방정식  \( f'(x)=0 \) 이 닫힌구간  \( [t, t+2] \) 에서 갖는 실근의 개수를
 \( g(t) \) 라 할 때, 함수  \( g(t) \) 는 다음 조건을 만족시킨다.

<|ref|>text<|/ref|><|det|>[[75, 480, 930, 610]]<|/det|>
(가) 모든 실수 a에 대하여  \( \lim_{t\to a+}g(t)+\lim_{t\to a-}g(t)\leq2 \) 이다.
 \( t\to a+ \) 

<|ref|>text<|/ref|><|det|>[[78, 650, 659, 732]]<|/det|>
(나)  \( g(f(1)) = g(f(4)) = 2 \) ,  \( g(f(0)) = 1 \) 

<|ref|>text<|/ref|><|det|>[[52, 853, 477, 933]]<|/det|>
 \( f(5) \) 의 값을 구하시오. [4점]"
"2022_odd_common_3","<|ref|>text<|/ref|><|det|>[[13, 10, 490, 150]]<|/det|>
3. 등차수열 {a_n}에 대하여 

<|ref|>equation<|/ref|><|det|>[[149, 300, 505, 400]]<|/det|>
\[a_2 = 6, \quad a_4 + a_6 = 36\]

<|ref|>text<|/ref|><|det|>[[55, 555, 476, 666]]<|/det|>
일 때, a₁₀의 값은? [3점] 

<|ref|>text<|/ref|><|det|>[[50, 808, 155, 900]]<|/det|>
① 30 

<|ref|>text<|/ref|><|det|>[[259, 808, 363, 900]]<|/det|>
② 32 

<|ref|>text<|/ref|><|det|>[[468, 808, 570, 900]]<|/det|>
③ 34 

<|ref|>text<|/ref|><|det|>[[675, 808, 778, 900]]<|/det|>
④ 36 

<|ref|>text<|/ref|><|det|>[[880, 808, 983, 900]]<|/det|>
⑤ 38","<|ref|>text<|/ref|><|det|>[[5, 0, 490, 150]]<|/det|>
3. 등차수열  \( \{a_{n}\} \)  에 대하여 

<|ref|>equation<|/ref|><|det|>[[147, 300, 504, 415]]<|/det|>
\[a_2 = 6, \quad a_4 + a_6 = 36\]

<|ref|>text<|/ref|><|det|>[[54, 555, 479, 682]]<|/det|>
일 때, \(a_{10}\) 의 값은? [3점] 

<|ref|>text<|/ref|><|det|>[[49, 830, 150, 944]]<|/det|>
① 30 

<|ref|>text<|/ref|><|det|>[[255, 830, 366, 944]]<|/det|>
② 32 

<|ref|>text<|/ref|><|det|>[[465, 830, 575, 944]]<|/det|>
③ 34 

<|ref|>text<|/ref|><|det|>[[675, 830, 782, 944]]<|/det|>
④ 36 

<|ref|>text<|/ref|><|det|>[[884, 830, 988, 944]]<|/det|>
⑤ 38"
"2022_odd_common_4","<|ref|>text<|/ref|><|det|>[[18, 5, 750, 60]]<|/det|>
4. 함수 \(y=f(x)\)의 그래프가 그림과 같다. 

<|ref|>image<|/ref|><|det|>[[230, 144, 910, 707]]<|/det|>
 

<|ref|>equation<|/ref|><|det|>[[63, 778, 688, 864]]<|/det|>
\[ \lim_{x \to -1^-} f(x) + \lim_{x \to 2} f(x) \text{의 값은? [3점]} \]

<|ref|>text<|/ref|><|det|>[[60, 936, 140, 980]]<|/det|>
① 1 

<|ref|>text<|/ref|><|det|>[[270, 936, 352, 980]]<|/det|>
② 2 

<|ref|>text<|/ref|><|det|>[[479, 936, 563, 980]]<|/det|>
③ 3 

<|ref|>text<|/ref|><|det|>[[691, 936, 775, 980]]<|/det|>
④ 4 

<|ref|>text<|/ref|><|det|>[[899, 936, 980, 980]]<|/det|>
⑤ 5","<|ref|>text<|/ref|><|det|>[[12, 0, 755, 60]]<|/det|>
4. 함수  \( y = f(x) \)  의 그래프가 그림과 같다. 

<|ref|>image<|/ref|><|det|>[[222, 140, 913, 700]]<|/det|>
 

<|ref|>text<|/ref|><|det|>[[60, 777, 689, 863]]<|/det|>
lim \(f(x)\) + lim \(f(x)\) 의 값은? [3점]
x → -1 - x → 2 

<|ref|>text<|/ref|><|det|>[[57, 928, 999, 980]]<|/det|>
① 1 ② 2 ③ 3 ④ 4 ⑤ 5"
"2022_odd_common_5","<|ref|>sub_title<|/ref|><|det|>[[21, 0, 970, 100]]<|/det|>
5. 첫째항이 1인 수열 {a_n}이 모든 자연수 n에 대하여 

<|ref|>equation<|/ref|><|det|>[[155, 220, 620, 499]]<|/det|>
\[
a_{n+1} = \begin{cases} 2a_n & (a_n < 7) \\ a_n - 7 & (a_n \geq 7) \end{cases}
\]

<|ref|>text<|/ref|><|det|>[[65, 616, 533, 799]]<|/det|>
일 때, \(\sum_{k=1}^{8} a_k\)의 값은? [3점] 

<|ref|>text<|/ref|><|det|>[[60, 908, 163, 976]]<|/det|>
① 30 

<|ref|>text<|/ref|><|det|>[[270, 908, 370, 976]]<|/det|>
② 32 

<|ref|>text<|/ref|><|det|>[[475, 908, 575, 976]]<|/det|>
③ 34 

<|ref|>text<|/ref|><|det|>[[680, 908, 780, 976]]<|/det|>
④ 36 

<|ref|>text<|/ref|><|det|>[[887, 908, 988, 976]]<|/det|>
⑤ 38","<|ref|>text<|/ref|><|det|>[[15, 0, 963, 110]]<|/det|>
5. 첫째항이 1인 수열  \( \{a_{n}\} \)  이 모든 자연수 n에 대하여 

<|ref|>equation<|/ref|><|det|>[[156, 210, 615, 512]]<|/det|>
\[a_{n+1} = \begin{cases} 2a_n & (a_n < 7) \\ a_n - 7 & (a_n \ge 7) \end{cases}\]

<|ref|>text<|/ref|><|det|>[[60, 625, 533, 812]]<|/det|>
일 때, \(\sum_{k=1}^{8} a_k\) 의 값은? [3점] 

<|ref|>text<|/ref|><|det|>[[60, 911, 159, 999]]<|/det|>
① 30 

<|ref|>text<|/ref|><|det|>[[266, 911, 369, 999]]<|/det|>
② 32 

<|ref|>text<|/ref|><|det|>[[472, 911, 575, 999]]<|/det|>
③ 34 

<|ref|>text<|/ref|><|det|>[[679, 911, 782, 999]]<|/det|>
④ 36 

<|ref|>text<|/ref|><|det|>[[885, 911, 988, 999]]<|/det|>
⑤ 38"
"2022_odd_common_6","<|ref|>text<|/ref|><|det|>[[15, 10, 988, 201]]<|/det|>
6. 방정식 \(2x^3 - 3x^2 - 12x + k = 0\)이 서로 다른 세 실근을 갖도록
하는 정수 \(k\)의 개수는? [3점] 

<|ref|>text<|/ref|><|det|>[[49, 666, 140, 790]]<|/det|>
① 20
② 23
③ 26
④ 29
⑤ 32","<|ref|>text<|/ref|><|det|>[[5, 0, 990, 999]]<|/det|>
6. 방정식  \( 2x^{3} - 3x^{2} - 12x + k = 0 \)  이 서로 다른 세 실근을 갖도록 하는 정수 k의 개수는? [3점]

① 20 ② 23 ③ 26 ④ 29 ⑤ 32"
"2022_odd_common_7","<|ref|>text<|/ref|><|det|>[[21, 20, 980, 380]]<|/det|>
7. \(\pi < \theta < \frac{3}{2}\pi\) 일 \(\theta\)에 대하여 \(\tan\theta - \frac{6}{\tan\theta} = 1\) 일 때, \(\sin\theta + \cos\theta\)의 값은? [3점] 

<|ref|>text<|/ref|><|det|>[[63, 490, 285, 680]]<|/det|>
① \(-\frac{2\sqrt{10}}{5}\) 

<|ref|>text<|/ref|><|det|>[[425, 490, 630, 680]]<|/det|>
② \(-\frac{\sqrt{10}}{5}\) 

<|ref|>text<|/ref|><|det|>[[792, 550, 881, 640]]<|/det|>
③ 0 

<|ref|>text<|/ref|><|det|>[[63, 744, 230, 930]]<|/det|>
④ \(\frac{\sqrt{10}}{5}\) 

<|ref|>text<|/ref|><|det|>[[425, 744, 610, 930]]<|/det|>
⑤ \(2\sqrt{\frac{10}{5}}\)","<|ref|>text<|/ref|><|det|>[[15, 0, 978, 375]]<|/det|>
7. \(\pi < \theta < \frac{3}{2}\pi\) \(\theta\) มี ใดๆ \(\tan\theta - \frac{6}{\tan\theta} = 1\) ใด ใด,
\(\sin\theta + \cos\theta\) ใด? [3]

<|ref|>text<|/ref|><|det|>[[58, 490, 280, 690]]<|/det|>
①  \( -\frac{2\sqrt{10}}{5} \) 

<|ref|>text<|/ref|><|det|>[[420, 490, 625, 690]]<|/det|>
②  \( -\frac{\sqrt{10}}{5} \) 

<|ref|>text<|/ref|><|det|>[[60, 740, 230, 949]]<|/det|>
④  \( \frac{\sqrt{10}}{5} \) 

<|ref|>text<|/ref|><|det|>[[420, 740, 606, 949]]<|/det|>
⑤  \( \frac{2\sqrt{10}}{5} \)"
"2022_odd_common_8","<|ref|>text<|/ref|><|det|>[[19, 30, 990, 480]]<|/det|>
8. 곡선 \(y=x^2-5x\)와 직선 \(y=x\)로 둘러싸인 부분의 넓이를 직선 \(x=k\)가 이등분할 때, 상수 \(k\)의 값은? [3점] 

<|ref|>text<|/ref|><|det|>[[55, 640, 140, 790]]<|/det|>
① 3 

<|ref|>text<|/ref|><|det|>[[252, 630, 356, 790]]<|/det|>
② \(\frac{13}{4}\) 

<|ref|>text<|/ref|><|det|>[[448, 630, 550, 790]]<|/det|>
③ \(\frac{7}{2}\) 

<|ref|>text<|/ref|><|det|>[[644, 630, 750, 790]]<|/det|>
④ \(\frac{15}{4}\) 

<|ref|>text<|/ref|><|det|>[[839, 630, 920, 790]]<|/det|>
⑤ 4","<|ref|>text<|/ref|><|det|>[[10, 0, 990, 997]]<|/det|>
8. 곡선  \( y = x^{2} - 5x \)  의 직선  \( y = x \)  로 둘러싸인 부분의 넓이를 직선  \( x = k \)  가 이등분할 때, 상수  \( k \)  의 값은? [3점]
① 3 ②  \( \frac{13}{4} \)  ③  \( \frac{7}{2} \)  ④  \( \frac{15}{4} \)  ⑤ 4"
"2022_odd_common_9","<|ref|>sub_title<|/ref|><|det|>[[21, 6, 479, 42]]<|/det|>
9. 직선 \(y=2x+k\)가 두 함수 

<|ref|>equation<|/ref|><|det|>[[143, 80, 647, 150]]<|/det|>
\[y = \left(\frac{2}{3}\right)^{x+3} + 1, \quad y = \left(\frac{2}{3}\right)^{x+1} + \frac{8}{3}\]

<|ref|>text<|/ref|><|det|>[[57, 188, 985, 270]]<|/det|>
의 그래프와 만나는 점을 각각 P, Q라 하자. \(\overline{PQ} = \sqrt{5}\)일 때, 상수 \(k\)의 값은? [4점] 

<|ref|>text<|/ref|><|det|>[[57, 304, 902, 370]]<|/det|>
① \(\frac{31}{6}\) ② \(\frac{16}{3}\) ③ \(\frac{11}{2}\) ④ \(\frac{17}{3}\) ⑤ \(\frac{35}{6}\) 

<|ref|>image<|/ref|><|det|>[[231, 430, 790, 958]]<|/det|>","<|ref|>text<|/ref|><|det|>[[17, 7, 476, 44]]<|/det|>
9. 직선  \( y=2x+k \) 가 두 함수

<|ref|>equation<|/ref|><|det|>[[137, 79, 642, 150]]<|/det|>
 \[ y=\left(\frac{2}{3}\right)^{x+3}+1,\quad y=\left(\frac{2}{3}\right)^{x+1}+\frac{8}{3} \] 

<|ref|>text<|/ref|><|det|>[[50, 188, 984, 268]]<|/det|>
의 그래프와 만나는 점을 각각 P, Q라 하자.  \( \overline{PQ} = \sqrt{5} \)  일 때, 상수 k의 값은? [4점]

<|ref|>text<|/ref|><|det|>[[48, 303, 900, 366]]<|/det|>
①  \( \frac{31}{6} \)  ②  \( \frac{16}{3} \)  ③  \( \frac{11}{2} \)  ④  \( \frac{17}{3} \)  ⑤  \( \frac{35}{6} \) 

<|ref|>image<|/ref|><|det|>[[220, 430, 789, 960]]<|/det|>"
"2022_odd_geometry_23","<|ref|>text<|/ref|><|det|>[[19, 20, 970, 500]]<|/det|>
23. 좌표공간의 점 A(2, 1, 3)을 \(xy\) 평면에 대하여 대칭이동한 점을 P라 하고, 점 A를 \(yz\) 평면에 대하여 대칭이동한 점을 Q라 할 때, 선분 PQ의 길이는? [2점] 

<|ref|>text<|/ref|><|det|>[[50, 633, 188, 777]]<|/det|>
① \(5\sqrt{2}\) 
④ \(2\sqrt{14}\) 

<|ref|>text<|/ref|><|det|>[[365, 633, 510, 777]]<|/det|>
② \(2\sqrt{13}\) 
⑤ \(2\sqrt{15}\) 

<|ref|>text<|/ref|><|det|>[[677, 633, 810, 777]]<|/det|>
③ \(3\sqrt{6}\)","<|ref|>text<|/ref|><|det|>[[10, 0, 970, 511]]<|/det|>
23. 최윤공간의 점 A(2, 1, 3)을 xy 평면에 대하여 대칭이동한 점을 P 라 하고, 점 A를 yz 평면에 대하여 대칭이동한 점을 Q 라 할 때, 선분 PQ의 길이는? [2점]

<|ref|>text<|/ref|><|det|>[[42, 630, 186, 770]]<|/det|>
①  \( 5\sqrt{2} \) 

<|ref|>text<|/ref|><|det|>[[355, 630, 510, 770]]<|/det|>
②  \( 2\sqrt{13} \) 

<|ref|>text<|/ref|><|det|>[[672, 630, 805, 770]]<|/det|>
③  \( 3\sqrt{6} \) 

<|ref|>text<|/ref|><|det|>[[43, 820, 199, 960]]<|/det|>
④  \( 2\sqrt{14} \) 

<|ref|>text<|/ref|><|det|>[[356, 820, 510, 960]]<|/det|>
⑤  \( 2\sqrt{15} \)"
"2022_odd_geometry_24","<|ref|>text<|/ref|><|det|>[[8, 30, 970, 380]]<|/det|>
24. 한 초점의 좌표가 \((3\sqrt{2}, 0)\)인 쌍곡선 \(\frac{x^2}{a^2} - \frac{y^2}{6} = 1\)의
주축의 길이는? (단, \(a\)는 양수이다.) [3점] 

<|ref|>text<|/ref|><|det|>[[45, 512, 195, 650]]<|/det|>
① \(3\sqrt{3}\) 
② \(\frac{7\sqrt{3}}{2}\) 

<|ref|>text<|/ref|><|det|>[[720, 540, 860, 650]]<|/det|>
③ \(4\sqrt{3}\) 

<|ref|>text<|/ref|><|det|>[[45, 740, 201, 930]]<|/det|>
④ \(\frac{9\sqrt{3}}{2}\) 
⑤ \(5\sqrt{3}\)","<|ref|>text<|/ref|><|det|>[[0, 0, 970, 999]]<|/det|>
24. 한 초점의 좌표가  \( (3\sqrt{2}, 0) \) 인 쌍곡선  \( \frac{x^{2}}{a^{2}} - \frac{y^{2}}{6} = 1 \) 의 주축의 길이는? (단,  \( a \) 는 양수이다.) [3점]

①  \( 3\sqrt{3} \) 

②  \( \frac{7\sqrt{3}}{2} \) 

③  \( 4\sqrt{3} \) 

④  \( \frac{9\sqrt{3}}{2} \) 

⑤  \( 5\sqrt{3} \)"
"2022_odd_geometry_25","<|ref|>sub_title<|/ref|><|det|>[[28, 45, 456, 135]]<|/det|>
25. 좌표평면에서 두 직선 

<|ref|>equation<|/ref|><|det|>[[159, 260, 614, 420]]<|/det|>
\[ \frac{x+1}{2} = y-3, \quad x-2 = \frac{y-5}{3} \]

<|ref|>text<|/ref|><|det|>[[66, 536, 970, 630]]<|/det|>
가 이루는 예각의 크기를 \(\theta\) 라 할 때, \(\cos\theta\) 의 값은? [3점] 

<|ref|>text<|/ref|><|det|>[[63, 732, 160, 910]]<|/det|>
① \(\frac{1}{2}\) 
② \(\frac{\sqrt{5}}{4}\) 
③ \(\frac{\sqrt{6}}{4}\) 
④ \(\frac{\sqrt{7}}{4}\) 
⑤ \(\frac{\sqrt{2}}{2}\)","<|ref|>sub_title<|/ref|><|det|>[[24, 50, 451, 140]]<|/det|>
25. 2 

<|ref|>equation<|/ref|><|det|>[[163, 265, 618, 430]]<|/det|>
\[ \frac{x+1}{2} = y - 3, \quad x - 2 = \frac{y - 5}{3} \]

<|ref|>text<|/ref|><|det|>[[63, 535, 974, 639]]<|/det|>
가 이루는 예각의 크기를 \(\theta\)라 할 때, \(\cos\theta\)의 값은? [3점] 

<|ref|>text<|/ref|><|det|>[[63, 750, 125, 900]]<|/det|>
① \(\frac{1}{2}\) 

<|ref|>text<|/ref|><|det|>[[259, 740, 387, 910]]<|/det|>
② \(\frac{\sqrt{5}}{4}\) 

<|ref|>text<|/ref|><|det|>[[451, 750, 579, 910]]<|/det|>
③ \(\frac{\sqrt{6}}{4}\) 

<|ref|>text<|/ref|><|det|>[[647, 740, 782, 910]]<|/det|>
④ \(\frac{\sqrt{7}}{4}\) 

<|ref|>text<|/ref|><|det|>[[842, 740, 974, 910]]<|/det|>
⑤ \(\frac{\sqrt{2}}{2}\)"
"2022_odd_geometry_26","<|ref|>text<|/ref|><|det|>[[15, 7, 864, 60]]<|/det|>
26. 두 초점이 F, F'인 타원 \(\frac{x^2}{64} + \frac{y^2}{16} = 1\) 위의 점 중 

<|ref|>text<|/ref|><|det|>[[48, 87, 976, 261]]<|/det|>
제1사분면에 있는 점 A가 있다. 두 직선 AF, AF'에 동시에
접하고 중심이 y축 위에 있는 원 중 중심의 y좌표가 음수인
것을 C라 하자. 원 C의 중심을 B라 할 때 사각형 AFBF'의
넓이가 72이다. 원 C의 반지름의 길이는? [3점] 

<|ref|>text<|/ref|><|det|>[[48, 299, 902, 365]]<|/det|>
① \(\frac{17}{2}\) ② 9 ③ \(\frac{19}{2}\) ④ 10 ⑤ \(\frac{21}{2}\) 

<|ref|>image<|/ref|><|det|>[[120, 430, 888, 980]]<|/det|>","<|ref|>text<|/ref|><|det|>[[13, 0, 981, 260]]<|/det|>
26. 두 초점이 F, F'인 타원  \( \frac{x^{2}}{64} + \frac{y^{2}}{16} = 1 \)  위의 점 중 제1사분면에 있는 점 A가 있다. 두 직선 AF, AF'에 동시에 접하고 중심이 y축 위에 있는 원 중 중심의 y좌표가 음수인 것을 C라 하자. 원 C의 중심을 B라 할 때 사각형 AFBF'의 넓이가 72이다. 원 C의 반지름의 길이는? [3점] 

<|ref|>text<|/ref|><|det|>[[46, 300, 160, 362]]<|/det|>
①  \( \frac{17}{2} \) 

<|ref|>text<|/ref|><|det|>[[234, 312, 320, 348]]<|/det|>
② 9 

<|ref|>text<|/ref|><|det|>[[420, 302, 519, 362]]<|/det|>
③  \( \frac{19}{2} \) 

<|ref|>text<|/ref|><|det|>[[608, 312, 702, 348]]<|/det|>
④ 10 

<|ref|>text<|/ref|><|det|>[[792, 302, 900, 362]]<|/det|>
⑤  \( \frac{21}{2} \) 

<|ref|>image<|/ref|><|det|>[[120, 430, 888, 981]]<|/det|>"
"2022_odd_geometry_27","<|ref|>text<|/ref|><|det|>[[15, 10, 988, 160]]<|/det|>
27. 그림과 같이 한 모서리의 길이가 4인 정육면체 ABCD-EFGH가 있다. 선분 AD의 중점을 M이라 할 때, 삼각형 MEG의 넓이는? 

<|ref|>text<|/ref|><|det|>[[911, 149, 988, 195]]<|/det|>
[3점] 

<|ref|>image<|/ref|><|det|>[[268, 259, 732, 807]]<|/det|>
 

<|ref|>text<|/ref|><|det|>[[48, 890, 152, 978]]<|/det|>
① \(\frac{21}{2}\) 
② 11 
③ \(\frac{23}{2}\) 
④ 12 
⑤ \(\frac{25}{2}\)","<|ref|>text<|/ref|><|det|>[[10, 11, 988, 202]]<|/det|>
27. 그림과 같이 한 모서리의 길이가 4인 정육면체 ABCD - EFGH가 있다. 선분 AD의 중점을 M이라 할 때, 삼각형 MEG의 넓이는? [3점]

<|ref|>image<|/ref|><|det|>[[268, 262, 735, 816]]<|/det|>


<|ref|>text<|/ref|><|det|>[[45, 884, 895, 985]]<|/det|>
①  \( \frac{21}{2} \)  ② 11 ③  \( \frac{23}{2} \)  ④ 12 ⑤  \( \frac{25}{2} \)"
"2022_odd_geometry_28","<|ref|>text<|/ref|><|det|>[[24, 10, 970, 230]]<|/det|>
28. 두 양수 \(a, p\)에 대하여 포물선 \((y-a)^2=4px\)의 초점을 \(F_1\)이라 하고, 포물선 \(y^2=-4x\)의 초점을 \(F_2\)라 하자.
선분 \(F_1F_2\)가 두 포물선과 만나는 점을 각각 \(P, Q\)라 할 때,
\(\overline{F_1F_2}=3, \overline{PQ}=1\)이다. \(a^2+p^2\)의 값은? [4점] 

<|ref|>text<|/ref|><|det|>[[58, 277, 916, 348]]<|/det|>
① 6 ② \(\frac{25}{4}\) ③ \(\frac{13}{2}\) ④ \(\frac{27}{4}\) ⑤ 7 

<|ref|>image<|/ref|><|det|>[[180, 424, 880, 970]]<|/det|>","<|ref|>text<|/ref|><|det|>[[20, 13, 976, 231]]<|/det|>
28. 두 양수 a, p에 대하여 포물선  \( (y-a)^{2}=4px \) 의 초점을  \( F_{1} \) 이라 하고, 포물선  \( y^{2}=-4x \) 의 초점을  \( F_{2} \) 라 하자.
선분  \( F_{1}F_{2} \) 가 두 포물선과 만나는 점을 각각 P, Q라 할 때,
 \( \overline{F_{1}F_{2}}=3,\ \overline{PQ}=1 \) 이다.  \( a^{2}+p^{2} \) 의 값은? [4점]

<|ref|>text<|/ref|><|det|>[[52, 280, 147, 330]]<|/det|>
① 6

<|ref|>text<|/ref|><|det|>[[245, 275, 356, 345]]<|/det|>
②  \( \frac{25}{4} \) 

<|ref|>text<|/ref|><|det|>[[437, 275, 550, 345]]<|/det|>
③  \( \frac{13}{2} \) 

<|ref|>text<|/ref|><|det|>[[630, 275, 744, 345]]<|/det|>
④  \( \frac{27}{4} \) 

<|ref|>text<|/ref|><|det|>[[825, 290, 910, 330]]<|/det|>
⑤ 7

<|ref|>image<|/ref|><|det|>[[175, 421, 872, 970]]<|/det|>"
"2022_odd_geometry_29","<|ref|>text<|/ref|><|det|>[[17, 7, 730, 45]]<|/det|>
29. 좌표평면에서 \(\overrightarrow{OA} = \sqrt{2}\), \(\overrightarrow{OB} = 2\sqrt{2}\)이고 

<|ref|>text<|/ref|><|det|>[[52, 64, 976, 172]]<|/det|>
\(\cos(\angle AOB) = \frac{1}{4}\) 인 평행사변형 OACB에 대하여 점 P가 다음 조건을 만족시킨다. 

<|ref|>equation<|/ref|><|det|>[[84, 228, 808, 330]]<|/det|>
\[ \begin{gathered} (\text{가}) \quad \overrightarrow{OP} = s \overrightarrow{OA} + t \overrightarrow{OB} \quad (0 \le s \le 1, \, 0 \le t \le 1) \\ (\text{나}) \quad \overrightarrow{OP} \cdot \overrightarrow{OB} + \overrightarrow{BP} \cdot \overrightarrow{BC} = 2 \end{gathered} \]

<|ref|>text<|/ref|><|det|>[[52, 388, 976, 565]]<|/det|>
점 O를 중심으로 하고 점 A를 지나는 원 위를 움직이는 점 X에 대하여 \(|\overrightarrow{OP} - \overrightarrow{OX}|\)의 최댓값과 최솟값을 각각 \(M, m\)이라 하자. \(M \times m = a\sqrt{6} + b\)일 때, \(a^2 + b^2\)의 값을 구하시오.
(단, \(a\)와 \(b\)는 유리수이다.) [4점] 

<|ref|>image<|/ref|><|det|>[[303, 624, 690, 976]]<|/det|>","<|ref|>text<|/ref|><|det|>[[18, 10, 732, 49]]<|/det|>
29. 좌표평면에서  \( \overrightarrow{OA} = \sqrt{2} \) ,  \( \overrightarrow{OB} = 2\sqrt{2} \)  이고 

<|ref|>text<|/ref|><|det|>[[50, 66, 976, 174]]<|/det|>
cos(∠AOB) = 1/4 인 평행사변형 OACB에 대하여 점 P가 다음 조건을 만족시킨다. 

<|ref|>equation<|/ref|><|det|>[[80, 227, 810, 270]]<|/det|>
\[ (가) \quad \overrightarrow{OP} = s \overrightarrow{OA} + t \overrightarrow{OB} \quad (0 \le s \le 1, 0 \le t \le 1) \]

<|ref|>equation<|/ref|><|det|>[[80, 287, 540, 330]]<|/det|>
\[ (나) \quad \overrightarrow{OP} \cdot \overrightarrow{OB} + \overrightarrow{BP} \cdot \overrightarrow{BC} = 2 \]

<|ref|>text<|/ref|><|det|>[[50, 387, 976, 565]]<|/det|>
점 O를 중심으로 하고 점 A를 지나는 원 위를 움직이는 점 X에 대하여 |3 \(\overrightarrow{OP}\) - \(\overrightarrow{OX}\)| 의 최댓값과 최솟값을 각각 M, m이라 하자. \(M \times m = a\sqrt{6} + b\)일 때, \(a^2 + b^2\)의 값을 구하시오.
(단, a와 b는 유리수이다.) [4점] 

<|ref|>image<|/ref|><|det|>[[300, 622, 691, 978]]<|/det|>"
"2022_odd_geometry_30","<|ref|>sub_title<|/ref|><|det|>[[15, 2, 884, 74]]<|/det|>
30. 좌표공간에 중심이 C(2, \(\sqrt{5}\), 5)이고 점 P(0, 0, 1)을 지나는 구 

<|ref|>equation<|/ref|><|det|>[[136, 105, 688, 137]]<|/det|>
\[S: (x-2)^2 + (y-\sqrt{5})^2 + (z-5)^2 = 25\]

<|ref|>text<|/ref|><|det|>[[48, 164, 978, 270]]<|/det|>
가 있다. 구 S가 평면 OPC와 만나서 생기는 원 위를 움직이는
점 Q, 구 S 위를 움직이는 점 R에 대하여 두 점 Q, R의 xy평면
위로의 정사영을 각각 Q₁, R₁이라 하자. 

<|ref|>text<|/ref|><|det|>[[48, 277, 960, 388]]<|/det|>
삼각형 OQ₁R₁의 넓이가 최대가 되도록 하는 두 점 Q, R에
대하여 삼각형 OQ₁R₁의 평면 PQR 위로의 정사영의 넓이는 

<|ref|>equation<|/ref|><|det|>[[52, 365, 571, 418]]<|/det|>
\[\frac{q}{p} \sqrt{6} \text{ 이다. } p+q \text{의 값을 구하시오.}\]

<|ref|>text<|/ref|><|det|>[[48, 422, 920, 496]]<|/det|>
(단, O는 원점이고 세 점 O, Q₁, R₁은 한 직선 위에 있지
않으며, p와 q는 서로소인 자연수이다.) [4점] 

<|ref|>image<|/ref|><|det|>[[160, 545, 840, 970]]<|/det|>","<|ref|>text<|/ref|><|det|>[[10, 0, 884, 72]]<|/det|>
30. 좌표공간에 중심이 C(2, √5, 5)이고 점 P(0, 0, 1)을 지나는 구

<|ref|>equation<|/ref|><|det|>[[131, 104, 690, 140]]<|/det|>
 \[ S:(x-2)^{2}+(y-\sqrt{5})^{2}+(z-5)^{2}=25 \] 

<|ref|>text<|/ref|><|det|>[[45, 166, 980, 270]]<|/det|>
가 있다. 구 S가 평면 OPC와 만나서 생기는 원 위를 움직이는 점 Q, 구 S 위를 움직이는 점 R에 대하여 두 점 Q, R의 xy 평면 위로의 정사영을 각각 Q₁, R₁이라 하자.

<|ref|>text<|/ref|><|det|>[[46, 278, 960, 415]]<|/det|>
삼각형 OQ₁R₁의 넓이가 최대가 되도록 하는 두 점 Q, R에 대하여 삼각형 OQ₁R₁의 평면 PQR 위로의 정사영의 넓이는  \( \frac{q}{p}\sqrt{6} \)  이다.  \( p+q \) 의 값을 구하시오.

<|ref|>text<|/ref|><|det|>[[45, 422, 921, 495]]<|/det|>
(단, O는 원점이고 세 점 O, Q₁, R₁은 한 직선 위에 있지 않으며, p와 q는 서로소인 자연수이다.) [4점]

<|ref|>image<|/ref|><|det|>[[155, 545, 840, 968]]<|/det|>"
"2022_odd_probalitiy_23","<|ref|>text<|/ref|><|det|>[[17, 55, 920, 200]]<|/det|>
23. 다항식 \((x+2)^7\)의 전개식에서 \(x^5\)의 계수는? [2점] 

<|ref|>text<|/ref|><|det|>[[55, 600, 156, 721]]<|/det|>
① 42
② 56
③ 70
④ 84
⑤ 98","<|ref|>text<|/ref|><|det|>[[12, 60, 920, 978]]<|/det|>
23. 다항식  \( (x+2)^{7} \) 의 전개식에서  \( x^{5} \) 의 계수는? [2점]
① 42 ② 56 ③ 70 ④ 84 ⑤ 98"
"2022_odd_probalitiy_24","<|ref|>text<|/ref|><|det|>[[20, 20, 999, 580]]<|/det|>
24. 확률변수 \(X\)가이항분포 \(B(n, \frac{1}{3})\)을따르고 \(V(2X) = 40\)일때, \(n\)의값은? [3점] 

<|ref|>text<|/ref|><|det|>[[54, 690, 150, 800]]<|/det|>
① 30 ② 35 ③ 40 ④ 45 ⑤ 50","<|ref|>text<|/ref|><|det|>[[15, 30, 999, 900]]<|/det|>
24. 확률변수 X가 이항분포 B(n, 1/3)을 따르고 V(2X) = 40일 때, n의 값은? [3점]
① 30 ② 35 ③ 40 ④ 45 ⑤ 50"
"2022_odd_probalitiy_25","<|ref|>text<|/ref|><|det|>[[20, 30, 900, 250]]<|/det|>
25. 다음 조건을 만족시키는 자연수 \(a, b, c, d, e\)의 모든 순서쌍 \((a, b, c, d, e)\)의 개수는? [3점] 

<|ref|>equation<|/ref|><|det|>[[86, 430, 456, 520]]<|/det|>
\[(가) a+b+c+d+e=12\]

<|ref|>equation<|/ref|><|det|>[[86, 585, 352, 678]]<|/det|>
\[(나) |a^2 - b^2| = 5\]

<|ref|>text<|/ref|><|det|>[[52, 850, 890, 940]]<|/det|>
① 30 ② 32 ③ 34 ④ 36 ⑤ 38","<|ref|>text<|/ref|><|det|>[[15, 25, 999, 260]]<|/det|>
25. 다음 조건을 만족시키는 자연수 a, b, c, d, e의 모든 순서쌍 (a, b, c, d, e)의 개수는? [3점] 

<|ref|>equation<|/ref|><|det|>[[88, 424, 455, 530]]<|/det|>
\[
(가) a+b+c+d+e=12
\]

<|ref|>equation<|/ref|><|det|>[[88, 577, 352, 694]]<|/det|>
\[
(나) |a^2 - b^2| = 5
\]

<|ref|>text<|/ref|><|det|>[[56, 860, 160, 950]]<|/det|>
① 30 

<|ref|>text<|/ref|><|det|>[[238, 860, 334, 950]]<|/det|>
② 32 

<|ref|>text<|/ref|><|det|>[[426, 860, 522, 950]]<|/det|>
③ 34 

<|ref|>text<|/ref|><|det|>[[613, 860, 707, 950]]<|/det|>
④ 36 

<|ref|>text<|/ref|><|det|>[[799, 860, 892, 950]]<|/det|>
⑤ 38"
"2022_odd_probalitiy_26","<|ref|>text<|/ref|><|det|>[[19, 9, 990, 280]]<|/det|>
26. 1부터 10까지 자연수가 하나씩 적혀 있는 10장의 카드가 들어 있는 주머니가 있다. 이 주머니에서 임의로 카드 3장을 동시에 꺼낼 때, 꺼낸 카드에 적혀 있는 세 자연수 중에서 가장 작은 수가 4 이하이거나 7 이상일 확률은? [3점] 

<|ref|>text<|/ref|><|det|>[[52, 345, 936, 444]]<|/det|>
① \(\frac{4}{5}\) ② \(\frac{5}{6}\) ③ \(\frac{13}{15}\) ④ \(\frac{9}{10}\) ⑤ \(\frac{14}{15}\) 

<|ref|>image<|/ref|><|det|>[[330, 545, 712, 950]]<|/det|>","<|ref|>text<|/ref|><|det|>[[12, 10, 988, 290]]<|/det|>
26. 1부터 10까지 자연수가 하나씩 적혀 있는 10장의 카드가 들어 있는 주머니가 있다. 이 주머니에서 임의로 카드 3장을 동시에 꺼낼 때, 꺼낸 카드에 적혀 있는 세 자연수 중에서 가장 작은 수가 4 이하이거나 7 이상일 확률은? [3점]

<|ref|>text<|/ref|><|det|>[[50, 347, 100, 425]]<|/det|>
①  \( \frac{4}{5} \) 

<|ref|>text<|/ref|><|det|>[[245, 348, 295, 425]]<|/det|>
②  \( \frac{5}{6} \) 

<|ref|>text<|/ref|><|det|>[[435, 348, 522, 435]]<|/det|>
③  \( \frac{13}{15} \) 

<|ref|>text<|/ref|><|det|>[[625, 348, 666, 425]]<|/det|>
④

<|ref|>text<|/ref|><|det|>[[819, 348, 868, 425]]<|/det|>
⑤  \( \frac{14}{15} \) 

<|ref|>image<|/ref|><|det|>[[333, 542, 690, 952]]<|/det|>"
"2022_odd_probalitiy_27","<|ref|>text<|/ref|><|det|>[[21, 12, 789, 201]]<|/det|>
27. 어느 자동차 회사에서 생산하는 전기 자동차의
1회 충전 주행 거리는 평균이 \(m\)이고 표준편차가 \(\sigma\)인
정규분포를 따른다고 한다. 

<|ref|>text<|/ref|><|det|>[[55, 207, 978, 530]]<|/det|>
이 자동차 회사에서 생산한 전기 자동차 100대를 임의추출하여
얻은 1회 충전 주행 거리의 표본평균이 \(\overline{x_1}\)일 때, 모평균 \(m\)에
대한 신뢰도 95%의 신뢰구간이 \(a \le m \le b\)이다. 

<|ref|>text<|/ref|><|det|>[[55, 536, 978, 800]]<|/det|>
이 자동차 회사에서 생산한 전기 자동차 400대를 임의추출하여
얻은 1회 충전 주행 거리의 표본평균이 \(\overline{x_2}\)일 때, 모평균 \(m\)에
대한 신뢰도 \(99\%\)의 신뢰구간이 \(c \le m \le d\)이다.

\(\overline{x_1} - \overline{x_2} = 1.34\)이고 \(a = c\)일 때, \(b - a\)의 값은? (단, 주행 거리의
단위는 km이고, \(Z\)가 표준정규분포를 따르는 확률변수일 때
P(\(|Z| \le 1.96\)) = 0.95, P(\(|Z| \le 2.58\)) = 0.99로 계산한다.) [3점] 

<|ref|>text<|/ref|><|det|>[[55, 853, 789, 955]]<|/det|>
① 5.88 ② 7.84 ③ 9.80
④ 11.76 ⑤ 13.72","<|ref|>text<|/ref|><|det|>[[15, 12, 980, 808]]<|/det|>
27. 어느 자동차 회사에서 생산하는 전기 자동차의
1회 충전 주행 거리는 평균이 m이고 표준편차가 σ인
정규분포를 따른다고 한다.
이 자동차 회사에서 생산한 전기 자동차 100 대를 임의추출하여
얻은 1회 충전 주행 거리의 표본평균이  \( \overline{x_{1}} \)  일 때, 모평균 m에
대한 신뢰도 95%의 신뢰구간이  \( a \leq m \leq b \) 이다.
이 자동차 회사에서 생산한 전기 자동차 400 대를 임의추출하여
얻은 1회 충전 주행 거리와 표본평균이  \( \overline{x_{2}} \)  일 때, 모평균 m에
대한 신뢰도99%의 신뢰구간이  \( c \leq m \leq d \) 이다.
 \( \overline{x_{1}} - \overline{x_{2}} = 1.34 \) 이고 a = c일 때, b - a의 값은? (단, 주행 거리의
단위는 km이고, Z가 표준정규분포를 따르는 확률변수일 때
P(|Z| ≤ 1.96) = 0.95, P(|Z| ≤ 2.58) = 0.99로 계산한다.) [3점]

<|ref|>text<|/ref|><|det|>[[50, 852, 780, 965]]<|/det|>
① 5.88 ② 7.84 ③ 9.80
④ 11.76 ⑤ 13.72"
"2022_odd_probalitiy_28","<|ref|>text<|/ref|><|det|>[[16, 28, 980, 250]]<|/det|>
28. 두 집합 \(X=\{1, 2, 3, 4, 5\}\), \(Y=\{1, 2, 3, 4\}\)에 대하여
다음 조건을 만족시키는 \(X\)에서 \(Y\)로의 함수 \(f\)의 개수는? [4점] 

<|ref|>text<|/ref|><|det|>[[81, 420, 925, 666]]<|/det|>
(가) 집합 \(X\)의 모든 원소 \(x\)에 대하여 \(f(x) \ge \sqrt{x}\)이다.
(나) 함수 \(f\)의 치역의 원소의 개수는 3이다. 

<|ref|>text<|/ref|><|det|>[[48, 833, 910, 925]]<|/det|>
① 128 ② 138 ③ 148 ④ 158 ⑤ 168","<|ref|>text<|/ref|><|det|>[[10, 30, 988, 201]]<|/det|>
28. 두 집합  \( X=\{1,2,3,4,5\} \) ,  \( Y=\{1,2,3,4\} \)  에 대하여 다음 조건을 만족시키는 X에서 Y로의 함수  \( f \) 의 개수는? [4점]

<|ref|>text<|/ref|><|det|>[[78, 415, 917, 528]]<|/det|>
(가) 집합 X의 모든 원소 x에 대하여  \( f(x) \geq \sqrt{x} \) 이다.

<|ref|>text<|/ref|><|det|>[[78, 571, 750, 675]]<|/det|>
(나) 함수 f의 치역의 원소의 개수는 3이다.

<|ref|>text<|/ref|><|det|>[[48, 833, 900, 925]]<|/det|>
① 128 ② 138 ③ 148 ④ 158 ⑤ 168"
"2022_odd_probalitiy_29","<|ref|>text<|/ref|><|det|>[[19, 20, 988, 192]]<|/det|>
29. 두 연속확률변수 \(X\)와 \(Y\)가 갖는 값의 범위는 \(0 \le X \le 6\), \(0 \le Y \le 6\)이고, \(X\)와 \(Y\)의 확률밀도함수는 각각 \(f(x)\), \(g(x)\)이다. 확률변수 \(X\)의 확률밀도함수 \(f(x)\)의 그래프는 그림과 같다. 

<|ref|>image<|/ref|><|det|>[[144, 255, 870, 565]]<|/det|>
 

<|ref|>text<|/ref|><|det|>[[53, 625, 515, 670]]<|/det|>
\(0 \le x \le 6\)인 모든 \(x\)에 대하여 

<|ref|>equation<|/ref|><|det|>[[141, 720, 555, 767]]<|/det|>
\[f(x) + g(x) = k \quad (k \text{는 상수})\]

<|ref|>text<|/ref|><|det|>[[53, 822, 920, 912]]<|/det|>
를 만족시킬 때, \(P(6k \le Y \le 15k) = \frac{q}{p}\) 이다. \(p+q\)의 값을
구하시오. (단, \(p\)와 \(q\)는 서로소인 자연수이다.) [4점]","<|ref|>text<|/ref|><|det|>[[15, 15, 999, 191]]<|/det|>
29. 두 연속확률변수 X와 Y가 갖는 값의 범위는  \( 0 \leq X \leq 6 \) ,  \( 0 \leq Y \leq 6 \) 이고, X와 Y의 확률밀도함수는 각각  \( f(x) \) ,  \( g(x) \) 이다. 확률변수 X의 확률밀도함수  \( f(x) \) 의 그래프는 그림과 같다. 

<|ref|>image<|/ref|><|det|>[[144, 252, 874, 567]]<|/det|>
 

<|ref|>text<|/ref|><|det|>[[52, 625, 515, 671]]<|/det|>
0 ≤ x ≤ 6인 모든 x에 대하여 

<|ref|>equation<|/ref|><|det|>[[140, 721, 558, 770]]<|/det|>
\[f(x) + g(x) = k \quad (k \text{는 상수})\]

<|ref|>text<|/ref|><|det|>[[52, 833, 931, 970]]<|/det|>
를 만족시킬 때, P(6k ≤ Y ≤ 15k) = \(\frac{q}{p}\) 이다. p + q의 값을 구하시오. (단, p와 q는 서로소인 자연수이다.) [4점]"
"2022_odd_probalitiy_30","<|ref|>text<|/ref|><|det|>[[18, 8, 930, 184]]<|/det|>
30. 횡 공과 검은 공이 각각 10개 이상 들어 있는 바구니와
비어 있는 주머니가 있다. 한 개의 주사위를 사용하여 다음
시행을 한다. 

<|ref|>text<|/ref|><|det|>[[81, 259, 400, 303]]<|/det|>
주사위를 한 번 던져 

<|ref|>text<|/ref|><|det|>[[81, 316, 496, 361]]<|/det|>
나은 눈의 수가 5 이상이면 

<|ref|>text<|/ref|><|det|>[[81, 375, 730, 420]]<|/det|>
바구니에 있는 횡 공 2개를 주머니에 넣고, 

<|ref|>text<|/ref|><|det|>[[81, 434, 496, 479]]<|/det|>
나은 눈의 수가 4 이하이면 

<|ref|>text<|/ref|><|det|>[[81, 493, 789, 538]]<|/det|>
바구니에 있는 검은 공 1개를 주머니에 넣는다. 

<|ref|>text<|/ref|><|det|>[[54, 612, 984, 787]]<|/det|>
위의 시행을 5번 반복할 때, \(n(1 \le n \le 5)\)번째 시행 후
주머니에 들어 있는 횡 공과 검은 공의 개수를 각각 \(a_n, b_n\) 이라
하자. \(a_5 + b_5 \ge 7\)일 때, \(a_k = b_k\)인 자연수 \(k(1 \le k \le 5)\)가 

<|ref|>text<|/ref|><|det|>[[54, 816, 750, 893]]<|/det|>
존재할 확률은 \(\frac{q}{p}\) 이다. \(p+q\)의 값을 구하시오. 

<|ref|>text<|/ref|><|det|>[[54, 907, 680, 952]]<|/det|>
(단, \(p\)와 \(q\)는 서로소인 자연수이다.) [4점]","<|ref|>text<|/ref|><|det|>[[17, 7, 925, 177]]<|/det|>
30. 흰 공과 검은 공이 각각 10개 이상 들어 있는 바구니와 비어 있는 주머니가 있다. 한 개의 주사위를 사용하여 다음 시행을 한다.

<|ref|>text<|/ref|><|det|>[[80, 255, 390, 301]]<|/det|>
주사위를 한 번 던져

<|ref|>text<|/ref|><|det|>[[80, 314, 490, 360]]<|/det|>
나온 논의 수가 5 이상이면

<|ref|>text<|/ref|><|det|>[[80, 373, 725, 420]]<|/det|>
바구니에 있는 흰 공 2개를 주머니에 넣고,

<|ref|>text<|/ref|><|det|>[[80, 431, 491, 477]]<|/det|>
나온 논의 수가 4 이하이면

<|ref|>text<|/ref|><|det|>[[80, 489, 789, 536]]<|/det|>
바구니에 있는 검은 공 1개를 주머니에 넣는다.

<|ref|>text<|/ref|><|det|>[[50, 614, 978, 960]]<|/det|>
위의 시행을 5번 반복할 때,  \( n(1 \leq n \leq 5) \) 번째 시행 후 주머니에 들어 있는 흰 공과 검은 공의 개수를 각각  \( a_{n}, b_{n} \) 이라 하자.  \( a_{5} + b_{5} \geq 7 \) 일 때,  \( a_{k} = b_{k} \) 인 자연수  \( k(1 \leq k \leq 5) \) 가 존재할 확률은  \( \frac{q}{p} \) 이다.  \( p + q \) 의 값을 구하시오.
(단, p와 q는 서로소인 자연수이다.) [4점]"
